Scope,Rank,Agent Name,Rating,Agentic Capability,Q1 (Technical/Standard),Q1 Agentic Action,Q2 (Investigation/Deep),Q2 Agentic Action,Q3 (Optimization/Logic),Q3 Agentic Action,GitHub/Docs Link,Ecosystem
SRE,1,K8sGPT,5.0,Scans clusters for issues and provides automated RCA.,Why is my Pod in CrashLoopBackOff?,Scans logs/events and provides a human-readable fix.,High 5xx errors in checkout?,Identifies broken Services or failing Ingress rules.,Optimize cluster costs?,Suggests resource limit changes based on static analysis.,https://github.com/k8sgpt-ai/k8sgpt,CNCF Sandbox
SRE,2,HolmesGPT,4.5,Investigates alerts by autonomously running CLI commands.,Why is my Pod in CrashLoopBackOff?,Runs kubectl commands to fetch logs and traces autonomously.,High 5xx errors in checkout?,Correlates Prometheus alerts with git commits/config changes.,Optimize cluster costs?,Evaluates historical usage to recommend YAML updates.,https://github.com/robusta-dev/holmesgpt,CNCF / Open Standards
SRE,3,PagerDuty AI,4.5,Autonomous alert correlation and triage automation.,Why is my Pod in CrashLoopBackOff?,Summarizes previous similar incidents and metadata.,High 5xx errors in checkout?,Aggregates thousands of alerts into one "Incident".,Optimize cluster costs?,N/A (Focuses on triage/response).,https://support.pagerduty.com/,LSF Security
SRE,4,Metoro,4.0,Uses eBPF for autonomous service mapping and debugging.,Why is my Pod in CrashLoopBackOff?,Uses eBPF to see exactly which line of code or kernel call failed.,High 5xx errors in checkout?,Traces 5xx errors across service mesh in real-time.,Optimize cluster costs?,Provides "Right-sizing" data based on eBPF telemetry.,https://metoro.io/docs,CNCF / eBPF
SRE,5,Cleric,3.5,Mimics an engineer's "parallel investigation" loop.,Why is my Pod in CrashLoopBackOff?,Spawns parallel investigator threads to test hypotheses.,High 5xx errors in checkout?,Logs into tools (Logs/Traces) to build a timeline.,Optimize cluster costs?,Autonomously creates a PR to adjust resource quotas.,https://github.com/ClericHQ,Infra Interop
Research,1,Perplexity Pro,5.0,Multi-step research with autonomous source validation.,Efficacy of Drug X for Condition Y?,Searches live web/journals and provides cited summary.,Methodology of top 5 2025 papers?,Rapidly pulls snippets from 5 most relevant papers found.,Source that contradicts theory?,Specifically searches for critiques or counter-arguments.,https://www.perplexity.ai/,Open Web Standards
Research,2,Glean,4.8,Autonomous internal knowledge discovery for enterprises.,Efficacy of Drug X for Condition Y?,Searches internal company docs for R&D knowledge.,Methodology of top 5 2025 papers?,Summarizes internal whitepapers and restricted PDFs.,Source that contradicts theory?,Flags internal docs that differ from external benchmarks.,https://www.glean.com/,Enterprise Search
Research,3,Elicit,4.0,Automates literature review and data extraction.,Efficacy of Drug X for Condition Y?,Performs structured lit review across 200M+ papers.,Methodology of top 5 2025 papers?,Extracts data into a table (n-size, results, method).,Source that contradicts theory?,Uses filters to find papers with "Opposing" results.,https://elicit.com/,Open Science
Research,4,LangGraph,4.0,Framework for building stateful multi-agent flows.,Efficacy of Drug X for Condition Y?,(Custom) Loop that stays in task until X papers found.,Methodology of top 5 2025 papers?,Orchestrates "Search -> Extract -> Compare" workflow.,Source that contradicts theory?,Can be programmed to "debate" a topic using two agents.,https://github.com/langchain-ai/langgraph,OSS Framework
Research,5,Consensus,3.5,Synthesizes answers from 200M+ academic papers.,Efficacy of Drug X for Condition Y?,Provides a "Consensus Meter" (% of papers that agree).,Methodology of top 5 2025 papers?,Analyzes peer-reviewed metadata to extract key findings.,Source that contradicts theory?,Filters for "Highly Cited" vs "Controversial" findings.,https://consensus.app/,Evidence-Based
Art/Creative,1,Midjourney,5.0,Iterative agentic refinement via "Remix" modes.,Consistent character in 5 scenes?,Uses "Character Reference" (--cref) for visual identity.,Upscale while maintaining style?,Uses "Upscale" (Creative/Subtle) to add AI detail.,Automate background/icon/logo?,Requires manual prompting for each separate asset.,https://docs.midjourney.com/,AI Ethics
Art/Creative,2,ComfyUI,4.5,Node-based autonomous art pipeline orchestration.,Consistent character in 5 scenes?,Executes node-graph feeding same seed into different nodes.,Upscale while maintaining style?,Runs "Tile Diffusion" pass to regenerate details at 4k.,Automate background/icon/logo?,One-click: Graph generates all three simultaneously.,https://github.com/comfy-org/ComfyUI,OSS Community
Art/Creative,3,Krea AI,4.0,Real-time generative enhancement and upscaling.,Consistent character in 5 scenes?,Uses "Real-time" agent to doodle character into poses.,Upscale while maintaining style?,Provides "Enhancer" agent to fix lighting/textures live.,Automate background/icon/logo?,Focuses on iterative enhancing over multi-asset pipes.,https://www.krea.ai/,Open Weights
Cybersec,1,PentestGPT,4.5,Automates penetration testing workflows.,Perform grey-box pentest on app?,Guides human through a tree of tests; remembers state.,Is new CVE relevant to my K8s?,Compares CVE data against provided infra-scan logs.,Identify logical flaws in auth?,Prompts user to check for IDOR based on traffic.,https://github.com/GreyD0ne/PentestGPT,OpenSSF / OSS
Cybersec,2,Radiant Security,4.5,Autonomous SOC incident investigation and response.,Perform grey-box pentest on app?,Investigates SOC alerts to see if "True Positives".,Is new CVE relevant to my K8s?,Scans cloud environments for exposures mapped to CVE.,Identify logical flaws in auth?,Mimics an attacker to find lateral movement paths.,https://radiantsecurity.ai/,SOC Automation
Cybersec,3,Mindgard,4.0,Autonomous "Red Teaming" for AI model safety.,Perform grey-box pentest on app?,"Red Teams" AI models to see if jailbreakable.,Is new CVE relevant to my K8s?,Checks if LLM is vulnerable to Prompt Injection.,Identify logical flaws in auth?,Tests if AI leaks sensitive training data (PII).,https://mindgard.ai/,AI Security
Cybersec,4,BurpGPT,3.5,Autonomous web vulnerability scanning via LLM.,Perform grey-box pentest on app?,Analyzes HTTP requests/responses for "meaning".,Is new CVE relevant to my K8s?,Flags complex vulnerabilities (Business Logic) via LLM.,Identify logical flaws in auth?,N/A (Focuses on Web/App layer).,https://github.com/v87/burpgpt,OWASP Standards
Cybersec,5,XBOW,3.5,Autonomous web vulnerability discovery/exploit.,Perform grey-box pentest on app?,Autonomously exploits vulnerabilities to prove they are real.,Is new CVE relevant to my K8s?,Validates if a CVE is "reachable" in your environment.,Identify logical flaws in auth?,Chains multiple low-level bugs into a full exploit path.,https://xbow.com/,Sec Automation
Legal/Ops,1,Harvey AI,4.8,Autonomous legal disclosure and risk analysis.,Review 50-page NDA for clauses?,Compares text against "Gold Standard" firm library.,Book a flight to NYC under $400?,N/A (Legal focus).,Draft response to SOC2 audit?,Generates memo citing specific regulatory requirements.,https://www.harvey.ai/,Transparency
Legal/Ops,2,Spellbook,4.0,Agentic contract review and risk flagging.,Review 50-page NDA for clauses?,Flags risky language inside MS Word as you type.,Book a flight to NYC under $400?,N/A (Legal focus).,Draft response to SOC2 audit?,Suggests "Compliant" wording for retention policy.,https://www.spellbook.legal/,Legal Standards
Legal/Ops,3,MultiOn,4.5,Browser-based agent that performs web tasks.,Review 50-page NDA for clauses?,N/A (Not for legal).,Book a flight to NYC under $400?,Navigates browser, selects flight, waits for "Buy".,Draft response to SOC2 audit?,N/A (Not for legal).,https://docs.multion.ai/,AAIF (Agentic)
Legal/Ops,4,Dagger,4.5,Orchestrates CI/CD pipelines as autonomous code.,Review 50-page NDA for clauses?,N/A (Not for legal).,Book a flight to NYC under $400?,N/A (DevOps focus).,Draft response to SOC2 audit?,Executes: Checks if CI/CD logs are being deleted.,https://github.com/dagger/dagger,CNCF / LSF
Legal/Ops,5,CrewAI,4.0,Orchestrates multi-agent groups for complex tasks.,Review 50-page NDA for clauses?,Assigns a "Legal Agent" and "Audit Agent" to collaborate.,Book a flight to NYC under $400?,Triggers a "Travel Agent" role using browser tools.,Draft response to SOC2 audit?,Coordinates a workflow between compliance and tech roles.,https://github.com/joaomdmoura/crewai,OSS Framework
